topic,label,score,text,processed_text
topic_0,story,0.22539155185222626,"I started lurking this sub since around 2011 (I know my account is from 2012, this is not my first reddit account), and I have to say I have never seen the moderator team so involved in making this community the most incredible hub of everything related to Liverpool FC. Mod participation in the community and the recent overhaul are obviously big highlights in the work these mods have done, but these are just a part of what I am here to talk about. 

**In the past, and when the new UI overhaul launched, a few people were complaining about all types of Match Threads having little visibility. And some additionally complained about the release timing of Pre and Post Match Threads posting and sticking for visibility. Notwithstanding, Post Match Threads are now stickied and created the exact second a match ends. All current Match Threads are at the top of the sub, and days after the complaints came in, are highlit in glorious Liverpool Red for the entire community to see.**
#TL;DR: Since I first started browsing reddit in 2010, I have never seen a mod team that is as engaged as they are in this community and I cannot thank them enough for facilitating the spreading of my love for this wonderful club. So thank you: /u/Plastic_Mouldsman, /u/severedfragile, and /u/emre23 (Even though you are not a mod, you should be. You make the ""Liverpool Nation"" proud.)","i started lurking this sub since around 2011 (i know my account is from 2012, this is not my first reddit account), and i have to say i have never seen the moderator team so involved in making this community the most incredible hub of everything related to liverpool fc. mod participation in the community and the recent overhaul are obviously big highlights in the work these mods have done, but these are just a part of what i am here to talk about. in the past, and when the new ui overhaul launched, a few people were complaining about all types of match threads having little visibility. and some additionally complained about the release timing of pre and post match threads posting and sticking for visibility. notwithstanding, post match threads are now stickied and created the exact second a match ends. all current match threads are at the top of the sub, and days after the complaints came in, are highlit in glorious liverpool red for the entire community to see. # : since i first started browsing reddit in 2010, i have never seen a mod team that is as engaged as they are in this community and i cannot thank them enough for facilitating the spreading of my love for this wonderful club. so thank you: /u/plastic_mouldsman, /u/severedfragile, and /u/emre23 (even though you are not a mod, you should be. you make the ""liverpool nation"" proud.)"
topic_0,story,0.2040889859199524,"Were you prompted to post this because of the A-plea-to-Gunnit-lets-all-jerk-eachother-off-and-learn-nothing-because-we-wanna-feel-good-inside post? Yeah, if you look at his activity that guy was quite the ass. You know, I'm inclined to agree with you, and I've only been a gunnitor for what 4 or 5 months? I've only just gotten into firearms seriously for 6, soaking up as much as I can about everything.

Believe it or not that criticism actually helps me learn more about which things (lets be honest) suck and which things don't.

Not too long ago I posted about purchasing my first firearm, an AK74. I was looking for a cheap project gun that I could play with. Most people gave it the thumbs up, etc. One guy didn't. He talked about how the non-chrome barrel was shit for corrosive and with only a couple hundred more dollars and a little extra time I could have picked up a chrome-lined much better quality AK. While that gun has served its purpose for what I wanted, maybe I should have been more patient, learned a bit more about my options and waited. I certainly would now. Luckily it wasn't too big of a deal because of the nature of the buy, but I'll still chalk it up to a bad decision.

I've learned a lot since then (still so much more to learn, and I'm loving every second of it- my head is swimming with all kinds of gun stuff) but what he said prompted me to look more into it, learn more of the nuances. My friends and family have never really been into guns. It was something I discovered on my own, and because of that it's a very self-fulfilling experience to become more knowledgeable. When someone says something obviously sucks and was a mistake, I learn from it, and try very hard not to make another.

So yeah, I don't want gunnit be become too soft on inexperience, because being criticized for fucking up is what makes you experienced. However, if this is not what you are talking about then just ignore this.

TL;DR Noobs (like me) should man up about hurt feelings, take the criticism, and stop being bitches about learning.
","were you prompted to post this because of the a-plea-to-gunnit-lets-all-jerk-eachother-off-and-learn-nothing-because-we-wanna-feel-good-inside post? yeah, if you look at his activity that guy was quite the ass. you know, i'm inclined to agree with you, and i've only been a gunnitor for what 4 or 5 months? i've only just gotten into firearms seriously for 6, soaking up as much as i can about everything. believe it or not that criticism actually helps me learn more about which things (lets be honest) suck and which things don't. not too long ago i posted about purchasing my first firearm, an ak74. i was looking for a cheap project gun that i could play with. most people gave it the thumbs up, etc. one guy didn't. he talked about how the non-chrome barrel was shit for corrosive and with only a couple hundred more dollars and a little extra time i could have picked up a chrome-lined much better quality ak. while that gun has served its purpose for what i wanted, maybe i should have been more patient, learned a bit more about my options and waited. i certainly would now. luckily it wasn't too big of a deal because of the nature of the buy, but i'll still chalk it up to a bad decision. i've learned a lot since then (still so much more to learn, and i'm loving every second of it- my head is swimming with all kinds of gun stuff) but what he said prompted me to look more into it, learn more of the nuances. my friends and family have never really been into guns. it was something i discovered on my own, and because of that it's a very self-fulfilling experience to become more knowledgeable. when someone says something obviously sucks and was a mistake, i learn from it, and try very hard not to make another. so yeah, i don't want gunnit be become too soft on inexperience, because being criticized for fucking up is what makes you experienced. however, if this is not what you are talking about then just ignore this. noobs (like me) should man up about hurt feelings, take the criticism, and stop being bitches about learning."
topic_0,story,0.1934530884027481,"After failing to stay awake for the main event on Saturday (it would've finished at 7am here) I had to wait for the usual very legitimate (ahem) sources of replays to download.  I woke up and as per usual logged out of twitter on my phone and laptop just to make sure that I didn't forget and check them accidently.  I then opened up reddit and was greeted by a couple of threads from the supposedly spoiler free /r/mma which pretty much gave away the result of the main event and kind of ruined my watching of it.  

Obviously I didn't know the exact details but from titles of threads such as 'Round 5 of last night's main event ..', and various mentions of contentious decisions gave away that a) it went five rounds (which ruined GSP nearly being finished in round 2) and b) made it obvious by the end of round four that GSP won by terrible decision.

Now I'm not trying to say that people shouldn't be allowed to discuss the event at all, the few times I've stayed up for events I've really enjoyed the post-fight conversation on here.  In preemptive reply to the few who will castigate me for whining, I'm more than happy to stay off reddit if needs be but then what's the point in the no spoiler rule in the first place?  What I'm suggesting is that within the 36 hour period after an event we either stick rigorously to the no spoilers rule or not bother with it at all.  

If we go with the former, then I'd suggest something like discussion threads for each fight with just the names of the fighters, then all the images you want to post and all the talk goes in that thread for the 36 hour period.  Also a counter after each major event saying when open discussion is allowed might be helpful.

**tl;dr: Subtle spoilers from names of /r/mma threads *on my front page* ruined my watching of GSP v Hendricks, what can we do to stop this from happening?**","after failing to stay awake for the main event on saturday (it would've finished at 7am here) i had to wait for the usual very legitimate (ahem) sources of replays to download. i woke up and as per usual logged out of twitter on my phone and laptop just to make sure that i didn't forget and check them accidently. i then opened up reddit and was greeted by a couple of threads from the supposedly spoiler free /r/mma which pretty much gave away the result of the main event and kind of ruined my watching of it. obviously i didn't know the exact details but from titles of threads such as 'round 5 of last night's main event ..', and various mentions of contentious decisions gave away that a) it went five rounds (which ruined gsp nearly being finished in round 2) and b) made it obvious by the end of round four that gsp won by terrible decision. now i'm not trying to say that people shouldn't be allowed to discuss the event at all, the few times i've stayed up for events i've really enjoyed the post-fight conversation on here. in preemptive reply to the few who will castigate me for whining, i'm more than happy to stay off reddit if needs be but then what's the point in the no spoiler rule in the first place? what i'm suggesting is that within the 36 hour period after an event we either stick rigorously to the no spoilers rule or not bother with it at all. if we go with the former, then i'd suggest something like discussion threads for each fight with just the names of the fighters, then all the images you want to post and all the talk goes in that thread for the 36 hour period. also a counter after each major event saying when open discussion is allowed might be helpful. : subtle spoilers from names of /r/mma threads on my front page ruined my watching of gsp v hendricks, what can we do to stop this from happening?"
topic_0,no_story,0.21439900994300842,"**Please upvote this post so everyone can join in.  I do not gain any karma.**  

Cleaning, our *favorite* topic!  One of those unfortunate parts of life, but somebody has to do it, and you might as well be frugal about it!  

Some topics to consider discussing:
 
* Product Recipes
* Cleaning Tips (newspaper for windows anyone?)
* Preventative Pest control 
* [DIY Laundry Soap](

Usually I recommend some related subreddits, but honestly can't think of any but /r/DIY. 

**Just in case of any newbies, the rules of the thread:**

Some people value time over money, and others money over time, both can be frugal. Please do not downvote just because you disagree. Please also remember the main rule of this sub, no commercial links! We've had too many issues with businesses trying to make our lovely community their personal ad machine, that we just don't allow it anymore. It keeps the spam at bay!

**TL;DR: Be nice, don't spam.**

Ready, set, GO!
","please upvote this post so everyone can join in. i do not gain any karma. cleaning, our favorite topic! one of those unfortunate parts of life, but somebody has to do it, and you might as well be frugal about it! some topics to consider discussing: product recipes cleaning tips (newspaper for windows anyone?) preventative pest control [diy laundry soap]( usually i recommend some related subreddits, but honestly can't think of any but /r/diy. just in case of any newbies, the rules of the thread: some people value time over money, and others money over time, both can be frugal. please do not downvote just because you disagree. please also remember the main rule of this sub, no commercial links! we've had too many issues with businesses trying to make our lovely community their personal ad machine, that we just don't allow it anymore. it keeps the spam at bay! : be nice, don't spam. ready, set, go!"
topic_0,no_story,0.16999420523643494,"Absolutely does not take away from your point at all.  I only posted it because it was kinda interesting, and I remember when it happened.  Jabari's dad was all in the news talking about how it didn't matter and how Jabari was better and whatnot.  Shabazz did the same thing re: Noel.  

I agree with your main thesis though, and if the Cavs made the trade I would be happy with it.  I would also be satisfied if we didn't because honestly, the way the offseason has gone I am thrilled with our roster as is and it's a little ridiculous to sit back and say, ""Damn, I wish we had Kevin Love"" at this point.  That's not really the point though.  More to your point, I wouldn't be upset if we didn't make the trade because it would be fun to watch and see what Wiggins did and watch him progress as a player; it is one of my favorite things to do.  

Make no mistake though, if you have to trade him to get Love, and Minny accepts the deal, you do it and don't look back.   I think a lot (most) Cavs fans know this.  The argument that I think has been occuring is CAN you get Love for Waiters, Bennett, and two firsts.  If you don't HAVE to give up Wiggins, you shouldn't.  However, at this point that argument is outdated as the Bulls reported offer easily trumps the Waiters/Bennett offer and possibly even trumps the Wiggins/Bennett/1st offer that is floating around out there.  Just depends on what the Wolves want to do.

TL;DR: You're right and I agree with you, I just thought the Wiggins/Parker thing was a cool aspect.","absolutely does not take away from your point at all. i only posted it because it was kinda interesting, and i remember when it happened. jabari's dad was all in the news talking about how it didn't matter and how jabari was better and whatnot. shabazz did the same thing re: noel. i agree with your main thesis though, and if the cavs made the trade i would be happy with it. i would also be satisfied if we didn't because honestly, the way the offseason has gone i am thrilled with our roster as is and it's a little ridiculous to sit back and say, ""damn, i wish we had kevin love"" at this point. that's not really the point though. more to your point, i wouldn't be upset if we didn't make the trade because it would be fun to watch and see what wiggins did and watch him progress as a player; it is one of my favorite things to do. make no mistake though, if you have to trade him to get love, and minny accepts the deal, you do it and don't look back. i think a lot (most) cavs fans know this. the argument that i think has been occuring is can you get love for waiters, bennett, and two firsts. if you don't have to give up wiggins, you shouldn't. however, at this point that argument is outdated as the bulls reported offer easily trumps the waiters/bennett offer and possibly even trumps the wiggins/bennett/1st offer that is floating around out there. just depends on what the wolves want to do. : you're right and i agree with you, i just thought the wiggins/parker thing was a cool aspect."
topic_0,no_story,0.13413847982883453,"* San Diego: 1,307,402 people

* Portland: 583,776 people

* Asheville: 83,318 people


I wonder who would win a poll where you can vote only once...

So, San Diego has 1.2 million more people and Portland has 500,000 more people.  That's *that* many more people to vote multiple times and *that* many more people who could potentially have the ""hacking"" skills to swing the poll their way.  Yet they still can't pull out a win?  That's kinda sad, really.  But, this is where enthusiasm comes in and Asheville has that (and great beer) in spades.  Cities *should* be proud of the things they do well.  And even if this is just an arbitrary prize for an unscientific pissing contest, the general public probably doesn't know that and if it can help Asheville bolster the tourism it relies on even a little, then that's awesome.  Although I'd bet money that 99% of the people who say we don't actually deserve it, haven't been here.

TL;DR  Haters gonna hate.","san diego: 1,307,402 people portland: 583,776 people asheville: 83,318 people i wonder who would win a poll where you can vote only once... so, san diego has 1.2 million more people and portland has 500,000 more people. that's that many more people to vote multiple times and that many more people who could potentially have the ""hacking"" skills to swing the poll their way. yet they still can't pull out a win? that's kinda sad, really. but, this is where enthusiasm comes in and asheville has that (and great beer) in spades. cities should be proud of the things they do well. and even if this is just an arbitrary prize for an unscientific pissing contest, the general public probably doesn't know that and if it can help asheville bolster the tourism it relies on even a little, then that's awesome. although i'd bet money that 99% of the people who say we don't actually deserve it, haven't been here. haters gonna hate."
topic_1,story,0.6515682339668274,"Build Help/Ready:

**What is your intended use for this build?** 
Easy enough, I'm a gamer and I'm about to be attending college. It's not so much for college as it is for my personal nerdy pleasure but, I'd like it to be optimal enough to avidly use any simple software or interface on the internet that my university throws at me. I play lots of games from League of Legends to CS:GO and even to single player games like Just Cause 3...or at least I'd like to if my PC wasn't so *shitty* =(. LoL isn't a very intensive game on my computer and I could normally run it at 60 fps easy with high graphics but while playing ranked here recently I had a few frame drops that honestly caused me to get killed and that was the end of nice graphics in any game for me. I'll tell you more about the build I have below shortly but here's some more pain that I've had to experience: Buying and not being able to enjoy GTAV, buying and hardly being able to play Battlefield 4 to it's fullest potential, buying and not being able to hardly run Tom Clancey's the Division. Just completely wasted money I could've put towards upgrading my rig perhaps but I've finally come to that realization and I'm seeking build help!

**If gaming, what kind of performance are you looking for?**
 At the bare minimum 60 fps.... 120 or more would be wonderful if that's an option for me but given a budget, this option is going to be limited. 



**What is your budget?**
*Yikes* I'm not even sure - this may have to be a post-requisite comment followup or something. If I had to make a guess right now I'd say $400 - $500. No more than $500, that'd really be breaking the bank...Really ideal would be about $200 or less dollars but, if necessary I'd really invest. 



**In what country are you purchasing your parts?** 
U S A   U S A   U S A   U S A   U S A  



**Post a draft of your potential build here**
Okay here's my build starting from -  
the **motherboard:** 
manufactured by MSI the model is MS-7721(couldn't find the box that it came in to specify more- sorry!)  
**Case:** Thermaltake VL8000 series V3 Black  
**PSU** EVGA 500E Bronze Power Supply  
**RAM** One 4gb stick from corsair and two 2gb sticks from RipJaws  
**GPU** AMD Radeon HD 7700 series  
**CPU** AMD Athlon(tm) X4 760K Quad Core Processor 3.8GHz  
I double checked myself several times I don't think there's anything I'm missing. If I am I'd be more than happy to have some followup responses to any possibly helpful comments. Thanks for the time you've put into me already by reading this and thanks for potential time you've taken to help me, you guys are awesome!  

TL;DR I built a crap computer and I'm wondering what needs tweaking on my rig. 
","build help/ready: what is your intended use for this build? easy enough, i'm a gamer and i'm about to be attending college. it's not so much for college as it is for my personal nerdy pleasure but, i'd like it to be optimal enough to avidly use any simple software or interface on the internet that my university throws at me. i play lots of games from league of legends to cs:go and even to single player games like just cause 3...or at least i'd like to if my pc wasn't so shitty =(. lol isn't a very intensive game on my computer and i could normally run it at 60 fps easy with high graphics but while playing ranked here recently i had a few frame drops that honestly caused me to get killed and that was the end of nice graphics in any game for me. i'll tell you more about the build i have below shortly but here's some more pain that i've had to experience: buying and not being able to enjoy gtav, buying and hardly being able to play battlefield 4 to it's fullest potential, buying and not being able to hardly run tom clancey's the division. just completely wasted money i could've put towards upgrading my rig perhaps but i've finally come to that realization and i'm seeking build help! if gaming, what kind of performance are you looking for? at the bare minimum 60 fps.... 120 or more would be wonderful if that's an option for me but given a budget, this option is going to be limited. what is your budget? yikes i'm not even sure - this may have to be a post-requisite comment followup or something. if i had to make a guess right now i'd say $400 - $500. no more than $500, that'd really be breaking the bank...really ideal would be about $200 or less dollars but, if necessary i'd really invest. in what country are you purchasing your parts? u s a u s a u s a u s a u s a post a draft of your potential build here okay here's my build starting from - the motherboard: manufactured by msi the model is ms-7721(couldn't find the box that it came in to specify more- sorry!) case: thermaltake vl8000 series v3 black psu evga 500e bronze power supply ram one 4gb stick from corsair and two 2gb sticks from ripjaws gpu amd radeon hd 7700 series cpu amd athlon(tm) x4 760k quad core processor 3.8ghz i double checked myself several times i don't think there's anything i'm missing. if i am i'd be more than happy to have some followup responses to any possibly helpful comments. thanks for the time you've put into me already by reading this and thanks for potential time you've taken to help me, you guys are awesome! i built a crap computer and i'm wondering what needs tweaking on my rig."
topic_1,story,0.3468254506587982,"Was playing a good 4 hour session on hard point and then I happen to run into this teammate who was complaining. 

Now this is typical, peeps complain about a lot of stupid stuff in game chat so I just laugh at him. However, this one was special. We were winning at the time 72 - 221 with 4 minutes left and all the sudden he starts complaining about probably the most retarded thing I've ever heard. He was complained about how we need to get off the points and just kill for the reminder of the game. When he said that I didn't think much of it and stayed on the point, seconds later he just loses his cool and calls me out being a idiot,  random(why is this a insult), etc. 

I promptly told him that this is the main objective and that if I just wanted to do just kill I'd play TDM and so should you. He brags about being in the top 25 and that I have no idea wtf I'm talking about. I'm in tears at this point(of laughter) and I just call him a moron before muting him.

Tldr teammate got angry for playing the objective","was playing a good 4 hour session on hard point and then i happen to run into this teammate who was complaining. now this is typical, peeps complain about a lot of stupid stuff in game chat so i just laugh at him. however, this one was special. we were winning at the time 72 - 221 with 4 minutes left and all the sudden he starts complaining about probably the most retarded thing i've ever heard. he was complained about how we need to get off the points and just kill for the reminder of the game. when he said that i didn't think much of it and stayed on the point, seconds later he just loses his cool and calls me out being a idiot, random(why is this a insult), etc. i promptly told him that this is the main objective and that if i just wanted to do just kill i'd play tdm and so should you. he brags about being in the top 25 and that i have no idea wtf i'm talking about. i'm in tears at this point(of laughter) and i just call him a moron before muting him. teammate got angry for playing the objective"
topic_1,story,0.29299014806747437,"Gotta share this story to you guys. You know how some days the putting just flows and sometimes not at all.. Well I've been really out of tune after not playing the snow rounds in the winter at all. Like +10 results all spring.

Yesterday I went cleaning some birdhouses at my backyard. Nothing too grand, just emptied the old nests from a few boxes. Then hit the local course for some casual play.

On the first hole I hit a tough putt around a tree some 20 feet away. Then on the second hole, a perfect drive to the chains some 280 feet blind dogleg flick but no ace. Anyway it was a nice mood upper and my friend was joking about some excellent karma for helping them birds back at my yard. He was quite right about it..

Turns out that thru the whole round I managed to make the steady putts from just about any distance - despite some wind from the sea. On the last hole I was some 40-45 feet away with mild sidewind to steep downhill basket location + danger of rolling OB. I'd never attack from that lie in a competition but for laughs I decided to give it a go.. Smooth glide right in the middle! 

Total was seven birdies and -1 total  with an unfortunate OB skip and few extra shots from wind conditions. Not my record for the course but an extremely welcome positive experience boost to get out there, practice and enjoy the game more this season.

When I got home I counted the birdhouses. Guess what.. seven boxes. Talk about some karma birdies! I gotta make it a habit to do something nice and relaxing before disc golf tournaments.

TLDR When feeling good, putting is good.

Cheers and happy golfing everybody!","gotta share this story to you guys. you know how some days the putting just flows and sometimes not at all.. well i've been really out of tune after not playing the snow rounds in the winter at all. like +10 results all spring. yesterday i went cleaning some birdhouses at my backyard. nothing too grand, just emptied the old nests from a few boxes. then hit the local course for some casual play. on the first hole i hit a tough putt around a tree some 20 feet away. then on the second hole, a perfect drive to the chains some 280 feet blind dogleg flick but no ace. anyway it was a nice mood upper and my friend was joking about some excellent karma for helping them birds back at my yard. he was quite right about it.. turns out that thru the whole round i managed to make the steady putts from just about any distance - despite some wind from the sea. on the last hole i was some 40-45 feet away with mild sidewind to steep downhill basket location + danger of rolling ob. i'd never attack from that lie in a competition but for laughs i decided to give it a go.. smooth glide right in the middle! total was seven birdies and -1 total with an unfortunate ob skip and few extra shots from wind conditions. not my record for the course but an extremely welcome positive experience boost to get out there, practice and enjoy the game more this season. when i got home i counted the birdhouses. guess what.. seven boxes. talk about some karma birdies! i gotta make it a habit to do something nice and relaxing before disc golf tournaments. when feeling good, putting is good. cheers and happy golfing everybody!"
topic_1,no_story,0.5146331191062927,"Ok, so I thought of this in response to the kingmaking discussion [here]( but I thought it warranted it's own discussion. What do you guys think of game mechanics that try to hide the score from you?

I'm thinking of games like Small World, Dominion, Agricola, etc. Many, many games seem to have this feature and I find it ruining my experience time and again.

The main problem seems to be that as we play, one could count each players score mentally keeping track of them. This usually gives that player quite a large strategic advantage, especially come endgame. So, because bob has a better memory or focused on memorising more bob ends up beating someone who otherwise played a better game. At this point we might as well be playing a game of memory (the children card game).

In response to this I always suggest to play these games with publicly recorded visible scores (on a paper scoreboard for example). I find this leads to higher level and more interesting gameplay. But also constantly have to argue this point to fellow gamers, even when I have specific examples of how I've won a game just based on knowing the score when they didn't.

Anyways, sorry that got a bit ranty.

Tl;dr Do you like hidden scores? Why? If not, how do you deal with games that have them?","ok, so i thought of this in response to the kingmaking discussion [here]( but i thought it warranted it's own discussion. what do you guys think of game mechanics that try to hide the score from you? i'm thinking of games like small world, dominion, agricola, etc. many, many games seem to have this feature and i find it ruining my experience time and again. the main problem seems to be that as we play, one could count each players score mentally keeping track of them. this usually gives that player quite a large strategic advantage, especially come endgame. so, because bob has a better memory or focused on memorising more bob ends up beating someone who otherwise played a better game. at this point we might as well be playing a game of memory (the children card game). in response to this i always suggest to play these games with publicly recorded visible scores (on a paper scoreboard for example). i find this leads to higher level and more interesting gameplay. but also constantly have to argue this point to fellow gamers, even when i have specific examples of how i've won a game just based on knowing the score when they didn't. anyways, sorry that got a bit ranty. do you like hidden scores? why? if not, how do you deal with games that have them?"
topic_1,no_story,0.3464643359184265,"Nobody has mentioned it, but Free to Play...that documentary by Valve about the Dota 2 International. I know it's not about game development or anything, but if you have watched the movie and are an indie developer you'll know why I pick it. The movie is incredibly inspirational for ANY human being - whether you play sports, make games, write books, whatever it's just incredibly inspiring to begin with. The way it hits home with me is because I grew up playing free games, and usually still do today, and that movie captures the magic of having a quality made game and all my projects are aimed at being shareware/freeware, this is turning into a rant so I'll cut it off before I drown in my own feels.

TL;DR: Free to Play shows the magic of the kind of software I aim at creating, so it inspires me to keep making it and making it better.","nobody has mentioned it, but free to play...that documentary by valve about the dota 2 international. i know it's not about game development or anything, but if you have watched the movie and are an indie developer you'll know why i pick it. the movie is incredibly inspirational for any human being - whether you play sports, make games, write books, whatever it's just incredibly inspiring to begin with. the way it hits home with me is because i grew up playing free games, and usually still do today, and that movie captures the magic of having a quality made game and all my projects are aimed at being shareware/freeware, this is turning into a rant so i'll cut it off before i drown in my own feels. : free to play shows the magic of the kind of software i aim at creating, so it inspires me to keep making it and making it better."
topic_1,no_story,0.29838934540748596,"As a game programmer, I disagree wholeheartedly with this statement. Were it not for the 'extra hour' of optimising I and my fellows actually -do- put in to making our products faster and better, a great many of the entertainment products that keep a great many people happy would not even be remotely playable.

When the computer has to put multiple millions of polygons on a screen, light and shadow them then add a plethora of interesting special effects; Oh and then contemplate how the AI is going to act, ponder the paths of any number of critters or set of pre-defined interesting game-play events, AND; do all of this 60 times EVERY SECOND. Optimising is important.

And games are not the only place where microseconds count... I have serious doubts google would consider a few seconds 'fast enough' let alone a few -hours- on anything but their most intense processes (like sorting their entire search databases perhaps) and those would be so heavily optimised it's not funny. Any tiny shaved off saving there turns their multi-day process into ""merely hours"".

Anyway, that's my 2 cents.
tl;dr: Optimisation matters, just not for trivially insignificant tasks you'll never do more than once.","as a game programmer, i disagree wholeheartedly with this statement. were it not for the 'extra hour' of optimising i and my fellows actually -do- put in to making our products faster and better, a great many of the entertainment products that keep a great many people happy would not even be remotely playable. when the computer has to put multiple millions of polygons on a screen, light and shadow them then add a plethora of interesting special effects; oh and then contemplate how the ai is going to act, ponder the paths of any number of critters or set of pre-defined interesting game-play events, and; do all of this 60 times every second. optimising is important. and games are not the only place where microseconds count... i have serious doubts google would consider a few seconds 'fast enough' let alone a few -hours- on anything but their most intense processes (like sorting their entire search databases perhaps) and those would be so heavily optimised it's not funny. any tiny shaved off saving there turns their multi-day process into ""merely hours"". anyway, that's my 2 cents. : optimisation matters, just not for trivially insignificant tasks you'll never do more than once."
topic_2,story,0.4421336054801941,"I live in Somerville MA (about a mile outside Boston)

Looking to try a business selling specialty food products. I've posted about this a while ago but I'm now able to spend the money. I have two products right now (see end for long descriptions).

My idea is to make a test batch of each product, and get some of my friends and family together, have food &amp; drinks and obviously feature my products. Tell them a little about my ideas, and give them some to take home, and some to give to a friend. This is not to try raising money. I just want to get some feedback and get some branded products in their hands to.

I really want to concentrate on the branding and marketing of these. Simple, sophisticated design. I'm a capable designer and my brother is a professional web designer. Trying to capitalize on the hipster &amp; foodie crowd. There's a lot of people in my area who appreciate specialty (bakeries, butchers, small ethnic food shops, fish shops, etc). There's also a great deal of Portuguese around here, in southern MA, and in RI, which is pertinent to the marketing of one of my products.

* One is a portuguese hot pepper sauce called pimenta moida. My grandmother's recipe. It's a crushed sauce, not really a tabasco or siracha. Since it's crushed it's more of a pulverized relish. And it has a distinct vinegary/saltiness. great on fish or sandwiches. The selling point with mine is that it's a cleaner sauce. Most products have a lot of seeds because they just crush the entire pepper without deseeding.

* The second is a great pepper jelly my mother makes. Great with cheese and crackers.



**TL;DR**

Want to start a company to sell food products and host a party some of my friends/fam to show them what I plan to sell (NOT TO GET MONEY)

","i live in somerville ma (about a mile outside boston) looking to try a business selling specialty food products. i've posted about this a while ago but i'm now able to spend the money. i have two products right now (see end for long descriptions). my idea is to make a test batch of each product, and get some of my friends and family together, have food &amp; drinks and obviously feature my products. tell them a little about my ideas, and give them some to take home, and some to give to a friend. this is not to try raising money. i just want to get some feedback and get some branded products in their hands to. i really want to concentrate on the branding and marketing of these. simple, sophisticated design. i'm a capable designer and my brother is a professional web designer. trying to capitalize on the hipster &amp; foodie crowd. there's a lot of people in my area who appreciate specialty (bakeries, butchers, small ethnic food shops, fish shops, etc). there's also a great deal of portuguese around here, in southern ma, and in ri, which is pertinent to the marketing of one of my products. one is a portuguese hot pepper sauce called pimenta moida. my grandmother's recipe. it's a crushed sauce, not really a tabasco or siracha. since it's crushed it's more of a pulverized relish. and it has a distinct vinegary/saltiness. great on fish or sandwiches. the selling point with mine is that it's a cleaner sauce. most products have a lot of seeds because they just crush the entire pepper without deseeding. the second is a great pepper jelly my mother makes. great with cheese and crackers. want to start a company to sell food products and host a party some of my friends/fam to show them what i plan to sell (not to get money)"
topic_2,story,0.2451087087392807,"...well, I still don't. That said, do I ever have a story for you, r/gamecollecting.

I checked out a game store at a nearby mall today. They had, much to my surprise, a copy of Zombie Nation for NES. It's a really rare one, near the top of my wishlist, and I'd never seen a copy in the wild before. The asking price? $200. Quite a bit above the [eBay average](

I'm not a fan of haggling at game stores. I expect to pay a bit more than online prices, even at better stores, because I know they need to keep the lights on and all that. That said, the guy I was working with seemed unusually desperate to close the deal with this. $200 wasn't going to do it, so I asked what his bottom dollar was.

This went on for a while, and he ultimately asked what price I had in mind. I noted that eBay prices were sitting between $140 and $150, though I understood that they had to make a profit and all that.

He then said, and I quote, ""okay then, how about $120?""

You can probably guessed [what happened next](

tl;dr: While haggling isn't always a great idea, sometimes a store will do all the haggling for you.","...well, i still don't. that said, do i ever have a story for you, r/gamecollecting. i checked out a game store at a nearby mall today. they had, much to my surprise, a copy of zombie nation for nes. it's a really rare one, near the top of my wishlist, and i'd never seen a copy in the wild before. the asking price? $200. quite a bit above the [ebay average]( i'm not a fan of haggling at game stores. i expect to pay a bit more than online prices, even at better stores, because i know they need to keep the lights on and all that. that said, the guy i was working with seemed unusually desperate to close the deal with this. $200 wasn't going to do it, so i asked what his bottom dollar was. this went on for a while, and he ultimately asked what price i had in mind. i noted that ebay prices were sitting between $140 and $150, though i understood that they had to make a profit and all that. he then said, and i quote, ""okay then, how about $120?"" you can probably guessed [what happened next]( : while haggling isn't always a great idea, sometimes a store will do all the haggling for you."
topic_2,story,0.2162969708442688,"The story: My dad has been a collector of many things for as long as I've been alive and he's constantly buying various things. He has a huge building that he built (he's a carpenter for a living so he can build pretty much anything) to store all of the various things he buys. He's quite fond of toys (we actually have one of the largest G.I. Joe collections in the United States) but he has bought a few video game things on occasion.

The box of NES games were purchased probably 10 years ago after some video store went out of business. He can't remember what he gave for it all but he's guessing it was $1 or $2 per game. Until I recovered them, they were sitting in the building buried under some other boxes.

The Atari 2600 was discovered last week and he has no idea where it came from or how much he gave. The Sega Dreamcast was part of a huge transfer truck of ""return"" items (thus the orange sticker on it) he bought several years ago. A lot of the return items were actually not broken at all. Someone just returned them for whatever reason and the store did not put them back on the shelf as brand new so they had to end up somewhere. It's been sitting in the building for probably 6 years.

TL;DR My dad buys awesome stuff and occasionally passes it on to his children. He's probably cooler than your dad.","the story: my dad has been a collector of many things for as long as i've been alive and he's constantly buying various things. he has a huge building that he built (he's a carpenter for a living so he can build pretty much anything) to store all of the various things he buys. he's quite fond of toys (we actually have one of the largest g.i. joe collections in the united states) but he has bought a few video game things on occasion. the box of nes games were purchased probably 10 years ago after some video store went out of business. he can't remember what he gave for it all but he's guessing it was $1 or $2 per game. until i recovered them, they were sitting in the building buried under some other boxes. the atari 2600 was discovered last week and he has no idea where it came from or how much he gave. the sega dreamcast was part of a huge transfer truck of ""return"" items (thus the orange sticker on it) he bought several years ago. a lot of the return items were actually not broken at all. someone just returned them for whatever reason and the store did not put them back on the shelf as brand new so they had to end up somewhere. it's been sitting in the building for probably 6 years. my dad buys awesome stuff and occasionally passes it on to his children. he's probably cooler than your dad."
topic_2,no_story,0.4487065076828003,"All watches from online retailers.  There is no guarantee that a watch is brand new.  

If you have a jewelry business.  You can buy a watch from a consumer that's near mint condition and sell it to any watch retailer.  It just needs to be a popular model.  So any of you knuckles that want to sell a mint condition watch.  Call up a online retailer.  If it's pristine condition enough.  They'll probably buy it off you.  

But obviously no where near what you pay.

For any watch brand under 2k retail generally 55% off retail is the correct price to sell to them.and they'll sell it for around 35%-40% off depending on how many they have in stock.

Like more expensive watches it's like 50% off retail.
But it needs to be basically unworn.  

Tldr.  I am in the business I have sold to online watch companies.  They use there in house warranties.  The only way a watch is new is if it has a manufacturer warranty not some warranty from some store.

If you want to know more pm me.",all watches from online retailers. there is no guarantee that a watch is brand new. if you have a jewelry business. you can buy a watch from a consumer that's near mint condition and sell it to any watch retailer. it just needs to be a popular model. so any of you knuckles that want to sell a mint condition watch. call up a online retailer. if it's pristine condition enough. they'll probably buy it off you. but obviously no where near what you pay. for any watch brand under 2k retail generally 55% off retail is the correct price to sell to them.and they'll sell it for around 35%-40% off depending on how many they have in stock. like more expensive watches it's like 50% off retail. but it needs to be basically unworn. . i am in the business i have sold to online watch companies. they use there in house warranties. the only way a watch is new is if it has a manufacturer warranty not some warranty from some store. if you want to know more pm me.
topic_2,no_story,0.3475337028503418,"As a developer I'd like to clear something up; unless its an indie studio we basically have no say on what we make. If the 'business' people (wannabe wolfs of wallstreet w.w.w.) say do it we do it with the tools given to us by the device manufacturers and limitations put in place by everybody but us. I've long stopped making games but thats how it is basically.

Now on the other hand theres studios like Mojang(makers of minecraft) where the developer controlled how the game was done because its his company and hes the one making the product and was limited only by the power of the pc.

***tl;dr: Developers and publishers are different aspects of the gaming business. E.g. Ubisoft and Mojang arent reigned over the same way.***",as a developer i'd like to clear something up; unless its an indie studio we basically have no say on what we make. if the 'business' people (wannabe wolfs of wallstreet w.w.w.) say do it we do it with the tools given to us by the device manufacturers and limitations put in place by everybody but us. i've long stopped making games but thats how it is basically. now on the other hand theres studios like mojang(makers of minecraft) where the developer controlled how the game was done because its his company and hes the one making the product and was limited only by the power of the pc. : developers and publishers are different aspects of the gaming business. e.g. ubisoft and mojang arent reigned over the same way.
topic_2,no_story,0.3194638788700104,"The examples you listed are a special type of security that hold American Depository Receipts, or ADR.  They are called American Depository Securities, or ADS.  They are very different than common stock of a domestic corporation exchanged via the pink sheets.

These ADS aren't businesses in the sense that you're buying domestic shares of common stock in an enterprise, but rather a sort of, you could say, trust fund that hold *actual* shares of *foreign* stock, traded on the major foreign exchanges, as a convenience for American stockholders who don't want to go to the trouble of opening a global trading account.  When the foreign dividends are collected, the sponsoring bank converts the currency to U.S. dollars, does the tax accounting, and sends the money on to the domestic investors, charging a convenience fee of typically much less than 1%, giving economies of scale to smaller portfolios.

In every case, the market capitalization of the firms you mention are overwhelmingly being determined by the real-time trading occurring in the exponentially more liquid foreign market, on the actual listed shares of the business in its home country.  Nestle, for example, trades on the Zurich stock exchange and the value of the American pink sheets fluctuates in accordance due, in part, to arbitragers making sure it trades roughly on par by exploiting any significant differential between the two.  

The market capitalization of the pink sheet listings isn't what you see when you pull up the quote.  When you pull up ticker symbol [NSRGY], for example, that $250+ billion market cap is **not** for the pink sheet listing trading under NSRGY.  Rather, for convenience, the data providers are grabbing the actual value of the underlying company, with all of its shares outstanding, over in Switzerland and then translating back in U.S. dollars as a sort of quick-and-dirty estimate using a couple of short cuts along the way (e.g., it might take the current U.S. value on the ADS and apply it to the ratio-adjusted shares outstanding in the foreign market, which is easy for something like NSRGY because it's a 1-to-1 basis following a reorganization six or seven years ago).  

In many cases, the lesser liquidity of the pink sheet listings is not a problem because an investor of means could simply shatter the security, if it ever became perpetually undervalued, and take delivery of the underlying foreign stock.  Then, he or she could go to the foreign market and sell the stock outright.

TL;DR: Totally different instruments.  The companies you mentioned aren't actually companies but rather a legal intermediary as a way for domestic investors to hold foreign stocks and have the dividends and distributions, if any, automatically converted into U.S. dollars for convenience.  You should be careful comparing them to pink sheet listed common stocks as they have little in common.","the examples you listed are a special type of security that hold american depository receipts, or adr. they are called american depository securities, or ads. they are very different than common stock of a domestic corporation exchanged via the pink sheets. these ads aren't businesses in the sense that you're buying domestic shares of common stock in an enterprise, but rather a sort of, you could say, trust fund that hold actual shares of foreign stock, traded on the major foreign exchanges, as a convenience for american stockholders who don't want to go to the trouble of opening a global trading account. when the foreign dividends are collected, the sponsoring bank converts the currency to u.s. dollars, does the tax accounting, and sends the money on to the domestic investors, charging a convenience fee of typically much less than 1%, giving economies of scale to smaller portfolios. in every case, the market capitalization of the firms you mention are overwhelmingly being determined by the real-time trading occurring in the exponentially more liquid foreign market, on the actual listed shares of the business in its home country. nestle, for example, trades on the zurich stock exchange and the value of the american pink sheets fluctuates in accordance due, in part, to arbitragers making sure it trades roughly on par by exploiting any significant differential between the two. the market capitalization of the pink sheet listings isn't what you see when you pull up the quote. when you pull up ticker symbol [nsrgy], for example, that $250+ billion market cap is not for the pink sheet listing trading under nsrgy. rather, for convenience, the data providers are grabbing the actual value of the underlying company, with all of its shares outstanding, over in switzerland and then translating back in u.s. dollars as a sort of quick-and-dirty estimate using a couple of short cuts along the way (e.g., it might take the current u.s. value on the ads and apply it to the ratio-adjusted shares outstanding in the foreign market, which is easy for something like nsrgy because it's a 1-to-1 basis following a reorganization six or seven years ago). in many cases, the lesser liquidity of the pink sheet listings is not a problem because an investor of means could simply shatter the security, if it ever became perpetually undervalued, and take delivery of the underlying foreign stock. then, he or she could go to the foreign market and sell the stock outright. : totally different instruments. the companies you mentioned aren't actually companies but rather a legal intermediary as a way for domestic investors to hold foreign stocks and have the dividends and distributions, if any, automatically converted into u.s. dollars for convenience. you should be careful comparing them to pink sheet listed common stocks as they have little in common."
topic_3,story,0.42246660590171814,"I'm a PhD student in mechanical engineering for context. It starts out very general, you spend a year or two really just catching up on literature since, you know, your advisor has been along for the ride for about 30 years so comparatively you're an academic infant. So you read a paper which answers questions, but also creates more questions for you.  But that's ok and is par for the course, so you look up more papers which answer those questions, and this cycle repeats itself for your entire career/life. Pretty much the more you learn, you realize the less you really know. At some point you will have a question about how something works because maybe the paper was confusing or not thorough, or you think, ""why didn't they do this?"" but THIS time... this magical time, you find there is no further information on the topic. But it's a good thing you spent the past two 2 years catching up on it,  and now hopefully you can try and answer the question yourself. But now is where it gets good, because before now you read others papers to get answers, which  lead to more questions.  Now it's your own set of questions and answers that will drive the field. And now you're an academic teenager, and as the babies come to the lab to try and be a part of the work, YOUR papers are what they reading to catch up to the current state of things. Ultimately, some people catch on quick and you're like ::these smarty pants bastards:: but many never even get to that part and will go to a masters degree route instead, because the only way to get a PhD is really discovering something previously unknown through creativity and a lot of critical thinking. I am more typical I think and would say after about 6-12 months starting asking questions that didn't have really well worked out answers, and that's when the real work begins! I think this diagram is a perfect explanation of how it goes 



Tl;Dr:  you might not be a creative person, I don't know, but neither will you until you've really been in grad school for a year or two as it takes time to push out that bubble of knowledge. 



","i'm a phd student in mechanical engineering for context. it starts out very general, you spend a year or two really just catching up on literature since, you know, your advisor has been along for the ride for about 30 years so comparatively you're an academic infant. so you read a paper which answers questions, but also creates more questions for you. but that's ok and is par for the course, so you look up more papers which answer those questions, and this cycle repeats itself for your entire career/life. pretty much the more you learn, you realize the less you really know. at some point you will have a question about how something works because maybe the paper was confusing or not thorough, or you think, ""why didn't they do this?"" but this time... this magical time, you find there is no further information on the topic. but it's a good thing you spent the past two 2 years catching up on it, and now hopefully you can try and answer the question yourself. but now is where it gets good, because before now you read others papers to get answers, which lead to more questions. now it's your own set of questions and answers that will drive the field. and now you're an academic teenager, and as the babies come to the lab to try and be a part of the work, your papers are what they reading to catch up to the current state of things. ultimately, some people catch on quick and you're like ::these smarty pants bastards:: but many never even get to that part and will go to a masters degree route instead, because the only way to get a phd is really discovering something previously unknown through creativity and a lot of critical thinking. i am more typical i think and would say after about 6-12 months starting asking questions that didn't have really well worked out answers, and that's when the real work begins! i think this diagram is a perfect explanation of how it goes : you might not be a creative person, i don't know, but neither will you until you've really been in grad school for a year or two as it takes time to push out that bubble of knowledge."
topic_3,story,0.30813100934028625,"So a little background about myself. I graduated HS last year and I'm currently enrolled in post-secondary education. So come september I'll be a second year university student studying Biomedical Electrical Engineering. 

From a students perspective, what you mentions is pretty much bang on. Physics was always this course that was held as ""the drop-out course"" and I think its this mentality, especially when you have counselors telling students not to take the course unless its required, that causes people to think twice and feel as though they couldn't possibly be smart enough. 

Physics for me was an interesting class but one that became a HUGE time sink on my part. I spent hours slaving over physics questions I didn't fully understand. Looking back now I realized I struggled the most with not the physics but the math. I feel as though I walked into that course not having the proper background in vector algebra. At the time it never crossed my mind that the issue was in the math as I considered myself good a math. In the end I spent hours just memorizing the structure of different problems and just regurgitated everything come test time (which is something I HATE doing). It wasn't until I learned calculus that any of the stuff made sense to me. 

I don't know how your curriculum is structured but here in Canada, the first physics course you take is in grade 11. The math skills that students walk in with is just basic functions and I feel as though this poses a problem. I'm the kind of person that likes understanding where all these equations come from and why they make sense. I never got that background that that really bothered me. Turning questions into what I called ""plug and chug"" I found was the only solution and it got me through HS physics with almost zero understanding. 

So this turned out longer than expected, I guess I ramble too much :P. In any case I hope this helps somewhat and I'm happy to answer any more questions. Good luck with the new school year! 

**TLDR** My problem with HS physics was not physics but math. Spent time doing just vector algebra outside the context of physics and make sure they have that background because otherwise it becomes a game of just plugging numbers into equations","so a little background about myself. i graduated hs last year and i'm currently enrolled in post-secondary education. so come september i'll be a second year university student studying biomedical electrical engineering. from a students perspective, what you mentions is pretty much bang on. physics was always this course that was held as ""the drop-out course"" and i think its this mentality, especially when you have counselors telling students not to take the course unless its required, that causes people to think twice and feel as though they couldn't possibly be smart enough. physics for me was an interesting class but one that became a huge time sink on my part. i spent hours slaving over physics questions i didn't fully understand. looking back now i realized i struggled the most with not the physics but the math. i feel as though i walked into that course not having the proper background in vector algebra. at the time it never crossed my mind that the issue was in the math as i considered myself good a math. in the end i spent hours just memorizing the structure of different problems and just regurgitated everything come test time (which is something i hate doing). it wasn't until i learned calculus that any of the stuff made sense to me. i don't know how your curriculum is structured but here in canada, the first physics course you take is in grade 11. the math skills that students walk in with is just basic functions and i feel as though this poses a problem. i'm the kind of person that likes understanding where all these equations come from and why they make sense. i never got that background that that really bothered me. turning questions into what i called ""plug and chug"" i found was the only solution and it got me through hs physics with almost zero understanding. so this turned out longer than expected, i guess i ramble too much :p. in any case i hope this helps somewhat and i'm happy to answer any more questions. good luck with the new school year! my problem with hs physics was not physics but math. spent time doing just vector algebra outside the context of physics and make sure they have that background because otherwise it becomes a game of just plugging numbers into equations"
topic_3,story,0.29919636249542236,"Let me star by saying that I’m not a young fid at sci-fi and fantasy world, I have read most of the classics and I consider myself to be a hard to impress guy where books are concerned, that being said:

WOW!

Anathem blew my mind!

Let me start talking about the structure and, as the title explicitly tells you, there will be massive spoilers ahead. Structure-wise this wonderful book builds up a massive world with its own story and in a funny way it tricked me into thinking that I was reading about future earth…

Oh boy, was I wrong!

It got me from the start, charismatic main character and well paced story, weaved with science concepts well explained and exposed, so, structure: Builds a world, introduces a strange-but-somewhat-familiar society and you start to think “Well, this is going to be like this, an adventure revolving around these people.”
That was my first mistake because right when I was madly in love with Orolo, Neal kills him! Not really but you get my point… And after killing him, surprise, we are starting to talk about aliens!

So things got strange, this should be an adventure on a strange land, no need for aliens right? Yeah, right, and turns out the aliens were not from another planet, they were from another dimension!

Long story short, Orolo dies again and we discover things, and, by this point I was starting to think that maybe, only maybe, the thousanders could change reality. Turns out they could live other realities (correct me if I’m wrong here).
So, structure introduces you themes and change them while story is unfolding! (Here I should say that Neal Stephenson is a bold writer! See Seveneves and watch thousands of years gap unfold a lovely conclusion!)

And the story is a masterpiece! Funded by not only hard sci-fi but using string theory and correctly connecting narratives with sounds and chants, deriving Arbre from a perfect Platonic world should give him a prize! Can’t think of any other book that exposed so many philosophic and scientific themes as elegantly as this one, a true masterpiece!

TL,DR

After Anathem, I don’t think any other book will be as good… Any sugestions?","let me star by saying that i’m not a young fid at sci-fi and fantasy world, i have read most of the classics and i consider myself to be a hard to impress guy where books are concerned, that being said: wow! anathem blew my mind! let me start talking about the structure and, as the title explicitly tells you, there will be massive spoilers ahead. structure-wise this wonderful book builds up a massive world with its own story and in a funny way it tricked me into thinking that i was reading about future earth… oh boy, was i wrong! it got me from the start, charismatic main character and well paced story, weaved with science concepts well explained and exposed, so, structure: builds a world, introduces a strange-but-somewhat-familiar society and you start to think “well, this is going to be like this, an adventure revolving around these people.” that was my first mistake because right when i was madly in love with orolo, neal kills him! not really but you get my point… and after killing him, surprise, we are starting to talk about aliens! so things got strange, this should be an adventure on a strange land, no need for aliens right? yeah, right, and turns out the aliens were not from another planet, they were from another dimension! long story short, orolo dies again and we discover things, and, by this point i was starting to think that maybe, only maybe, the thousanders could change reality. turns out they could live other realities (correct me if i’m wrong here). so, structure introduces you themes and change them while story is unfolding! (here i should say that neal stephenson is a bold writer! see seveneves and watch thousands of years gap unfold a lovely conclusion!) and the story is a masterpiece! funded by not only hard sci-fi but using string theory and correctly connecting narratives with sounds and chants, deriving arbre from a perfect platonic world should give him a prize! can’t think of any other book that exposed so many philosophic and scientific themes as elegantly as this one, a true masterpiece! tl,dr after anathem, i don’t think any other book will be as good… any sugestions?"
topic_3,no_story,0.33578166365623474,"Yep, this happens.

I find it happens the most when I know exactly what it is I should be doing. I know the gist of what I want to write, I know the experiments I should run, I know what result I'm looking for, and for some reason I just don't do anything. Sure, I'll make some grammatical or stylistic changes to a paper, or I'll start running some code that will take hours to get results, and then I'll just ""take a quick break"" that turns into browsing reddit for 4 hours.

Before I know it I'm getting hungry, so I save my ""work"" and go home, cook dinner, have some beer, watch some netflix, hang out with friends, go for a run... meanwhile, I can almost *feel* the work that needs doing, camped out in my brain like a needy ex that just won't leave me alone.

Anyway, I digress. Honestly, the best way that I've found to deal with this situation is to give in to the procrastination fully and just completely ignore work for a while. As lateralus555 says, external motivation can be tough to come by. The benefit of this is that you can often set your own hours and do what you think needs doing. 

Which do you think your PI would prefer: you coming to the lab and putting in face time for a week, all the while accomplishing little and feeling depressed, demotivated, and guilty? Or would it be better for you to take a day or two to yourself to do something completely unrelated to work, and then spend the rest of the week refreshed and ready for action?

I can't guarantee that this will work for everyone, or even be an option for everyone, but I find that it's the only thing that helps. I actually just went through this recently, and spent the entire day lying on the couch reading Hugh Howey novels. It was glorious.

The other thing that's great for motivation is attending conferences. It's a combination between taking a break and getting excited about your work, and it's probably seen more favourably than just flaking out for a few days. Bit more lead time required though...

**TL;DR: take a break and do something that you love that's unrelated to your degree.**","yep, this happens. i find it happens the most when i know exactly what it is i should be doing. i know the gist of what i want to write, i know the experiments i should run, i know what result i'm looking for, and for some reason i just don't do anything. sure, i'll make some grammatical or stylistic changes to a paper, or i'll start running some code that will take hours to get results, and then i'll just ""take a quick break"" that turns into browsing reddit for 4 hours. before i know it i'm getting hungry, so i save my ""work"" and go home, cook dinner, have some beer, watch some netflix, hang out with friends, go for a run... meanwhile, i can almost feel the work that needs doing, camped out in my brain like a needy ex that just won't leave me alone. anyway, i digress. honestly, the best way that i've found to deal with this situation is to give in to the procrastination fully and just completely ignore work for a while. as lateralus555 says, external motivation can be tough to come by. the benefit of this is that you can often set your own hours and do what you think needs doing. which do you think your pi would prefer: you coming to the lab and putting in face time for a week, all the while accomplishing little and feeling depressed, demotivated, and guilty? or would it be better for you to take a day or two to yourself to do something completely unrelated to work, and then spend the rest of the week refreshed and ready for action? i can't guarantee that this will work for everyone, or even be an option for everyone, but i find that it's the only thing that helps. i actually just went through this recently, and spent the entire day lying on the couch reading hugh howey novels. it was glorious. the other thing that's great for motivation is attending conferences. it's a combination between taking a break and getting excited about your work, and it's probably seen more favourably than just flaking out for a few days. bit more lead time required though... : take a break and do something that you love that's unrelated to your degree."
topic_3,no_story,0.2410428822040558,"So I'm stopping by reddit (lurker, first time posting) to see if those with insight can answer/help/laugh at me as a pose this question: What/where can I get some fast training in database design/modeling and SQL? or If you were forced to work with someone in my situation, what would you like me to have under my belt so that your desire to murder me midway thru a meeting is somewhat restrained.

Situation: Medium size company, couple of SQL databases on the backend that drive about 8 or so existing front end web applications that everyone touches at least once in the business processes. Me, an affinity for this type of computer stuff, skill on a scale of 1-Ninja, I'd say a 3. I can't build it all yet, but I can break it pretty fast.

TL;DR - What's the fastest way to become a competent DBA now that I am one in title only at my job?

EDIT - Thank you all for your comments. I've got a list now. Tomorrow I'll start by requesting help until I'm fully trained, second I'll investigate the role/title change compensation factor. Lastly, I'll begin with the book list and start petitioning for some structured DB training from Oracle or MS. (I believe we have both as corporate vendors) Thanks again, Now into the maw...","so i'm stopping by reddit (lurker, first time posting) to see if those with insight can answer/help/laugh at me as a pose this question: what/where can i get some fast training in database design/modeling and sql? or if you were forced to work with someone in my situation, what would you like me to have under my belt so that your desire to murder me midway thru a meeting is somewhat restrained. situation: medium size company, couple of sql databases on the backend that drive about 8 or so existing front end web applications that everyone touches at least once in the business processes. me, an affinity for this type of computer stuff, skill on a scale of 1-ninja, i'd say a 3. i can't build it all yet, but i can break it pretty fast. - what's the fastest way to become a competent dba now that i am one in title only at my job? edit - thank you all for your comments. i've got a list now. tomorrow i'll start by requesting help until i'm fully trained, second i'll investigate the role/title change compensation factor. lastly, i'll begin with the book list and start petitioning for some structured db training from oracle or ms. (i believe we have both as corporate vendors) thanks again, now into the maw..."
topic_3,no_story,0.19869260489940643,"I'm currently a university student in Canada who is 95% sure he's joining the regular forces as an infantry officer (or at least applying to) when I finish my degree which will be a couple of years down the road. It's not going to be a career for me, but it is something I feel strongly about and I do feel like I'm doing it for the right reasons. I say 95% simply because I can't predict what the next half decade is going to throw my way.

In my research (read ""lurking"") I've come across something of a conflict in my thinking. I see a tonne of posts on this and other subreddits regarding deep respect and admiration for those who have seen combat. I understand this and can totally get behind it. However, I also see several comments on this and /r/canadianforces, generally in response to someone asking about their likelihood of seeing combat, that someone who actively wants to see combat should reconsider joining the military. I also understand the rationale behind this. Nobody should ever be putting their command in unnecessary danger for the sake of thrill seeking.

My question, roughly, is this; Should I want to never see combat?

I find it odd that as a community you should look up to combat veterans and yet simultaneously discourage people from wanting to become one. Am I reading the sentiment wrong, or is there something I haven't thought of? I can't lie when I say there is a part of me that wants to fight, but it's not as if I'm some bloodthirsty savage. Given the option, I feel I would do my absolute best to avoid combat but I feel like never even having that decision in front of me would leave me never feeling like a real soldier.

TL;DR: I can't decide if being a combat veteran is a noble aspiration or a dangerous flaw.","i'm currently a university student in canada who is 95% sure he's joining the regular forces as an infantry officer (or at least applying to) when i finish my degree which will be a couple of years down the road. it's not going to be a career for me, but it is something i feel strongly about and i do feel like i'm doing it for the right reasons. i say 95% simply because i can't predict what the next half decade is going to throw my way. in my research (read ""lurking"") i've come across something of a conflict in my thinking. i see a tonne of posts on this and other subreddits regarding deep respect and admiration for those who have seen combat. i understand this and can totally get behind it. however, i also see several comments on this and /r/canadianforces, generally in response to someone asking about their likelihood of seeing combat, that someone who actively wants to see combat should reconsider joining the military. i also understand the rationale behind this. nobody should ever be putting their command in unnecessary danger for the sake of thrill seeking. my question, roughly, is this; should i want to never see combat? i find it odd that as a community you should look up to combat veterans and yet simultaneously discourage people from wanting to become one. am i reading the sentiment wrong, or is there something i haven't thought of? i can't lie when i say there is a part of me that wants to fight, but it's not as if i'm some bloodthirsty savage. given the option, i feel i would do my absolute best to avoid combat but i feel like never even having that decision in front of me would leave me never feeling like a real soldier. : i can't decide if being a combat veteran is a noble aspiration or a dangerous flaw."
topic_4,story,0.46698227524757385,"oh man i've been through like six phones - i'm the worst with keeping them in one piece.

* my first phone i got when i was 13. i broke it by fiddling around with security settings and somehow frying it.
* i dropped my second phone running for the bus (e: is this a common thing? :V). the screen shattered. i got it fixed, and less than two weeks later i took it out of my pocket and the screen was gone again. got it fixed *again* by different people who fucked up the front buttons so that they didn't work.
* i used a really old blackberry while i saved up for a new phone. this one actually lasted me quite a while, but i lost the trackball eventually (somehow).
* i decided to get a smartphone after that. i ended up with a galaxy nexus which i eventually ended up selling after i got tired of it. i got a one x with the money i got from selling it and this phone actually lasted me quite a while until i got waaaay too drunk and spiked it on the ground. it was somehow still functional, but the screen was screwed.
* since my contract was up anyway i threw my hands up in the air and got an iPhone 5S, which i'm still using. almost 2 years and no issues.

tl;dr: don't trust me with technology","oh man i've been through like six phones - i'm the worst with keeping them in one piece. my first phone i got when i was 13. i broke it by fiddling around with security settings and somehow frying it. i dropped my second phone running for the bus (e: is this a common thing? :v). the screen shattered. i got it fixed, and less than two weeks later i took it out of my pocket and the screen was gone again. got it fixed again by different people who fucked up the front buttons so that they didn't work. i used a really old blackberry while i saved up for a new phone. this one actually lasted me quite a while, but i lost the trackball eventually (somehow). i decided to get a smartphone after that. i ended up with a galaxy nexus which i eventually ended up selling after i got tired of it. i got a one x with the money i got from selling it and this phone actually lasted me quite a while until i got waaaay too drunk and spiked it on the ground. it was somehow still functional, but the screen was screwed. since my contract was up anyway i threw my hands up in the air and got an iphone 5s, which i'm still using. almost 2 years and no issues. : don't trust me with technology"
topic_4,story,0.40105172991752625,"Steam's recent decision to make Steam trading cards selling dependent on whether or not you could afford to have a cellphone has made it difficult for some like me to continue to enjoy the Steam sales. Up until now, it was completely optional to add a phone number or to add Two-factor authentication through the Steam app to your account. Now, it's being tied to if you can sell Steam trading cards. If you don't, you have to wait 15 days before it gets put on the market. That just doesn't seem like an option, does it?

Well, for poor folks like me without a cellphone or those that just have a broken one, I have an option for you! I found a way around all this, without needing a physical cellphone. It only takes a few minutes with some basic software and then you can not only complete the Steam badge, but you'll be able to sell Steam cards again! 

1. Download [Bluestacks]( It's a free Android emulator. With this installed, we can begin step two.

2. After Bluestacks is installed, click ""MyBluestacks"" and sign up for a Google account. It only takes a moment. If you already have a google account, login. 

3. Go to the ""Search"" button, click it, and type in ""TextNow"". It's the second app in the list. The TextNow app is what we are going to use for sms messaging and the phone number. Install the app and sign up for an account, either using Facebook or manually. When it asks you for a area code, put in your own. Write down the phone number it gives you.

4. Search for and download the Steam app. Install it.

5. Go to your Steam client and navigate to Steam -&gt; Settings -&gt; View Account Details. Another way to do this is through your badges if you do not already have the community badge for changing your phone number or doing Two-factor authentication. Take the number you received from the TextNow app and change your number here. 

6. For two factor authentication, go back to Bluestacks and click the Steam app. You may have to go to ""All apps"" to find it.  Login to your Steam account using your account details. After you entered in the code that was sent to your email and you were let into the app properly, get out of your friends list, and click ""two factor authentication"". Then click ""Done"". That should be it. **EDIT:** also, write down the recovery code so you don't lock yourself out. Very important! 

The only problem I've had is that when I go to sell cards it takes a few tries to confirm it. And, of course, every time i wanna sell a card, i need this emulator open. It's annoying, but it does work in the end. 

and that's it! That's how you get around the requirement of owning a cellphone to sell Steam cards in 2016.

TLDR: If you wanna get around the 15 day wait to sell trading cards and your cellphone just died, get Bluestacks with TextNow and the Steam app.  ","steam's recent decision to make steam trading cards selling dependent on whether or not you could afford to have a cellphone has made it difficult for some like me to continue to enjoy the steam sales. up until now, it was completely optional to add a phone number or to add two-factor authentication through the steam app to your account. now, it's being tied to if you can sell steam trading cards. if you don't, you have to wait 15 days before it gets put on the market. that just doesn't seem like an option, does it? well, for poor folks like me without a cellphone or those that just have a broken one, i have an option for you! i found a way around all this, without needing a physical cellphone. it only takes a few minutes with some basic software and then you can not only complete the steam badge, but you'll be able to sell steam cards again! 1. download [bluestacks]( it's a free android emulator. with this installed, we can begin step two. 2. after bluestacks is installed, click ""mybluestacks"" and sign up for a google account. it only takes a moment. if you already have a google account, login. 3. go to the ""search"" button, click it, and type in ""textnow"". it's the second app in the list. the textnow app is what we are going to use for sms messaging and the phone number. install the app and sign up for an account, either using facebook or manually. when it asks you for a area code, put in your own. write down the phone number it gives you. 4. search for and download the steam app. install it. 5. go to your steam client and navigate to steam -&gt; settings -&gt; view account details. another way to do this is through your badges if you do not already have the community badge for changing your phone number or doing two-factor authentication. take the number you received from the textnow app and change your number here. 6. for two factor authentication, go back to bluestacks and click the steam app. you may have to go to ""all apps"" to find it. login to your steam account using your account details. after you entered in the code that was sent to your email and you were let into the app properly, get out of your friends list, and click ""two factor authentication"". then click ""done"". that should be it. edit: also, write down the recovery code so you don't lock yourself out. very important! the only problem i've had is that when i go to sell cards it takes a few tries to confirm it. and, of course, every time i wanna sell a card, i need this emulator open. it's annoying, but it does work in the end. and that's it! that's how you get around the requirement of owning a cellphone to sell steam cards in 2016. : if you wanna get around the 15 day wait to sell trading cards and your cellphone just died, get bluestacks with textnow and the steam app."
topic_4,story,0.38144829869270325,"So I currently have a 1520.3 that I bought off Newegg not too long about because it had all the features that the ATT version didn't have (Qi Wireless Charging and 32 GB of storage and unlocked). I kept my device on T-Mobile because that was what I already had before. When AT&amp;T/Software finally released their WP app, I switched my number over to attempt to install the app. It worked, however when it came to setting up my account, after inputting a new PIN, I was greeted with the alert that my phone was not compatible with this app and promptly kicked out to the main screen.  I believe this is because it's the international version not branded by AT&amp;T, and with Software there are so many caveats to the type of phone you're able to use.   
  
With this, I don't see the point in waiting for the T-Mobile version of the app anymore, as most likely my device still wouldn't be compatible. Currently a promotion is running for $50 off the price of the M8 with a free Xbox Edition of the dot cover case; I find this as good a time as any to make the switch. Those that may have used the 1520 and the One M8, what are the pros and cons to making this change and how shitty is that M8 camera really? Keep in mind I'm coming from the glorious 20 MP PureView camera that is on the 1520.   
  
TL;DR: No Softcard ware support on AT&amp;T with international version of 1520. The M8 has a shitty camera. On the fence about buying it as I consider it a downgrade, but would really really like to tell Apple users that I can do the same damn thing!","so i currently have a 1520.3 that i bought off newegg not too long about because it had all the features that the att version didn't have (qi wireless charging and 32 gb of storage and unlocked). i kept my device on t-mobile because that was what i already had before. when at&amp;t/software finally released their wp app, i switched my number over to attempt to install the app. it worked, however when it came to setting up my account, after inputting a new pin, i was greeted with the alert that my phone was not compatible with this app and promptly kicked out to the main screen. i believe this is because it's the international version not branded by at&amp;t, and with software there are so many caveats to the type of phone you're able to use. with this, i don't see the point in waiting for the t-mobile version of the app anymore, as most likely my device still wouldn't be compatible. currently a promotion is running for $50 off the price of the m8 with a free xbox edition of the dot cover case; i find this as good a time as any to make the switch. those that may have used the 1520 and the one m8, what are the pros and cons to making this change and how shitty is that m8 camera really? keep in mind i'm coming from the glorious 20 mp pureview camera that is on the 1520. : no softcard ware support on at&amp;t with international version of 1520. the m8 has a shitty camera. on the fence about buying it as i consider it a downgrade, but would really really like to tell apple users that i can do the same damn thing!"
topic_4,no_story,0.3847876191139221,"Hey all  
I'm currently using a Samsung Galaxy Nexus and an iPhone 4, both on Verizon. The G'Nex is mine, the iPhone is supplied from work. I don't have the option to *not* have an iPhone, but I can get rid of my G'Nex. There's my dilemma.

If/When I do decide to do this switch, I'll port my old mobile number to GVoice and have it forward calls and texts to my iPhone for ease of getting everyone and everything to use my ""new number"". I'm glad I won't have to do that ever again.

I'm currently grandfathered in to the unlimited data plan on my G'Nex, and I use it extensively with GVoice, GTalk, EverNote, YouTube, FaceBook, G+, Reddit Sync, Chant (I know.. I know..), and various other apps. It's rooted and rom'ed running an ancient CyanogenMod nightly. Everything runs smooooooth as silk.

On my iPhone, however, things are not so smooth. Firstly, I can't find good GVoice, GTalk, or Chant replacements. Alien Blue seems to work just as well as Reddit Sync, though with a different UI, so that will only take a bit to get used to. Secondly, the phone *feels dated*. When in FaceBook, tap on a picture and it takes a few seconds to open the picture in full screen. Then it's finicky to close the picture and continue scrolling. Animated GIFs from Alien Blue take ages to download (which is normal on a 3G network), but then once they're downloaded they play like they're stop motion footage. It's also like this in Safari.

TL;DR: iPhone 4 seems slow as balls, is this normal? Looking to find some key apps from my Android on my iPhone 4.","hey all i'm currently using a samsung galaxy nexus and an iphone 4, both on verizon. the g'nex is mine, the iphone is supplied from work. i don't have the option to not have an iphone, but i can get rid of my g'nex. there's my dilemma. if/when i do decide to do this switch, i'll port my old mobile number to gvoice and have it forward calls and texts to my iphone for ease of getting everyone and everything to use my ""new number"". i'm glad i won't have to do that ever again. i'm currently grandfathered in to the unlimited data plan on my g'nex, and i use it extensively with gvoice, gtalk, evernote, youtube, facebook, g+, reddit sync, chant (i know.. i know..), and various other apps. it's rooted and rom'ed running an ancient cyanogenmod nightly. everything runs smooooooth as silk. on my iphone, however, things are not so smooth. firstly, i can't find good gvoice, gtalk, or chant replacements. alien blue seems to work just as well as reddit sync, though with a different ui, so that will only take a bit to get used to. secondly, the phone feels dated. when in facebook, tap on a picture and it takes a few seconds to open the picture in full screen. then it's finicky to close the picture and continue scrolling. animated gifs from alien blue take ages to download (which is normal on a 3g network), but then once they're downloaded they play like they're stop motion footage. it's also like this in safari. : iphone 4 seems slow as balls, is this normal? looking to find some key apps from my android on my iphone 4."
topic_4,no_story,0.2896046042442322,"A couple of specialist companies and social enterprises have been setup to target the ""bottom of the pyramid"" with razor thin margins made up with volume.

Cell phones are used a lot by farmers to schedule deliveries and share information about things like weather. Street traders can organize deliveries or materials much more easily. New social enterprises even allow homeowners to order water over SMS. Usage of cellphones is pretty pervasive.

The reason is this: these guys don't have any other way to organize or schedule things. A mobile phone can offer a lot of the benefits of a laptop with nearly none of the cost. 

It's just a case of making cellphones affordable, which they are now. Lots of old phones from the west are refurbished, and you would be surprised how cheap you can make a phone when usability and quality are put second to cost. Pretty much all the users at the bottom of the pyramid are PAYG, so topups are broken down more to the level of $1 and $.50, as microtransactions are needed when selling to the poor (an interesting side point is that a lot of shampoo is purchased in single serving sachets as they do not have the buying power to purchase a large bottle). Also handset costs are often subsidized.

Tldr; yes phones are pervasive in the third world but specialist carriers price them within their reach. They are surprisingly useful :)","a couple of specialist companies and social enterprises have been setup to target the ""bottom of the pyramid"" with razor thin margins made up with volume. cell phones are used a lot by farmers to schedule deliveries and share information about things like weather. street traders can organize deliveries or materials much more easily. new social enterprises even allow homeowners to order water over sms. usage of cellphones is pretty pervasive. the reason is this: these guys don't have any other way to organize or schedule things. a mobile phone can offer a lot of the benefits of a laptop with nearly none of the cost. it's just a case of making cellphones affordable, which they are now. lots of old phones from the west are refurbished, and you would be surprised how cheap you can make a phone when usability and quality are put second to cost. pretty much all the users at the bottom of the pyramid are payg, so topups are broken down more to the level of $1 and $.50, as microtransactions are needed when selling to the poor (an interesting side point is that a lot of shampoo is purchased in single serving sachets as they do not have the buying power to purchase a large bottle). also handset costs are often subsidized. ; yes phones are pervasive in the third world but specialist carriers price them within their reach. they are surprisingly useful :)"
topic_4,no_story,0.09881585836410522,"Uber is currently valued at 62.5 billion, while TSLA is valued at 31 billion. 

From this I would argue that uber has done amazing things and transformed the landscape. I agree they are a valuable and profitable company. In the end they hold nothing proprietary though. They don't own the cars, the drivers are not under contract, and really what they have is a widely used app and a fleet of drivers that choose to be with them. 

What if, you cut out the driver part? How much is that worth to Ubers valuation? To estimate at this I would say you could take the total value a driver could make expect to make, less cost of vehicle, maintenance, and gas. This new total would be the per driver added value that Uber would now pocket. Take that and multiply it by 24 hour cycle instead of 8-12 hours a human drives, and then multiply it by how many uber drivers they have. (Side note, this is all estimating, Uber actually could figure this out to the dollar) Now, you have the added value to Uber. 

Take that same scenario, but if you are Tesla. You must build the app (1000% doable), then start producing the cars that Uber already plans on buying but you don't sell to Uber you create your own fleet. This in turn allows you to achieve the same value add as the driver removal above, plus there will be cost savings on the gas and you already have regional distribution in place and maintenance. 

I hate typing on my phone. But this is my first thought when I looked up what Uber was up to in value... Downside.... This is a long ways off and Elon could fail. I just think that logically one of the 2 companies values are off if you take a 10 year view at it. I normally post to WSB but they don't like long term talk. 

TL;DR how would you capture the Delta in expected value between these two companies? I am up for discussion.","uber is currently valued at 62.5 billion, while tsla is valued at 31 billion. from this i would argue that uber has done amazing things and transformed the landscape. i agree they are a valuable and profitable company. in the end they hold nothing proprietary though. they don't own the cars, the drivers are not under contract, and really what they have is a widely used app and a fleet of drivers that choose to be with them. what if, you cut out the driver part? how much is that worth to ubers valuation? to estimate at this i would say you could take the total value a driver could make expect to make, less cost of vehicle, maintenance, and gas. this new total would be the per driver added value that uber would now pocket. take that and multiply it by 24 hour cycle instead of 8-12 hours a human drives, and then multiply it by how many uber drivers they have. (side note, this is all estimating, uber actually could figure this out to the dollar) now, you have the added value to uber. take that same scenario, but if you are tesla. you must build the app (1000% doable), then start producing the cars that uber already plans on buying but you don't sell to uber you create your own fleet. this in turn allows you to achieve the same value add as the driver removal above, plus there will be cost savings on the gas and you already have regional distribution in place and maintenance. i hate typing on my phone. but this is my first thought when i looked up what uber was up to in value... downside.... this is a long ways off and elon could fail. i just think that logically one of the 2 companies values are off if you take a 10 year view at it. i normally post to wsb but they don't like long term talk. how would you capture the delta in expected value between these two companies? i am up for discussion."
